{"cameraMode":{"drawMode":0,"name":"Shaded","section":"Shading Mode"},"sceneLighting":true,"audioPlay":false,"sceneViewState":{"showFog":true,"showMaterialUpdate":false,"showSkybox":true,"showFlares":true,"showImageEffects":true,"showParticleSystems":true},"in2DMode":false,"pivot":{"x":1.002713680267334,"y":0.5399379730224609,"z":-2.432943105697632},"rotation":{"x":0.22044353187084199,"y":0.5313900709152222,"z":-0.1455196738243103,"w":0.8049172163009644},"size":2.8685145378112795,"orthographic":false}